source,beat,out_start,out_end,src_start,src_end,text
rec8,intro,0.00,7.25,4.31,11.56,"When you plot every object by their mass and their size, they all will align over this diagonal line."
rec8,intro,7.53,16.04,11.84,20.35,"And that line tells an interesting story because as you go up in the line, it changes the category of objects you see."
rec8,life,16.64,25.46,20.55,29.38,"We start with animals right here, and then you reach the largest animal ever, the blue whale, and the largest plant ever the sequoia tree"
rec8,made,26.07,34.20,32.45,40.59,and then as we move higher and higher we are now in the area of man -made objects and small structures
rec3,round,34.84,46.24,443.24,454.64,"And as we go up and up, we mostly have small asteroids and moons. And we're going to see something very interesting."
rec3,round,46.52,52.03,456.08,461.59,"The more up we go, the more those asteroids will become rounder and rounder."
rec3,round,52.31,65.70,461.59,474.97,"Look at Hyperion and Mimas and Celadus, Vesta, Ceres, and then when we reach Pluto, we are in the dwarf planets and they are mostly all round."
rec3,liquid,66.30,75.56,489.89,499.31,so this point is where gravity overcomes the molecular bond that holds shapes together.
rec3,liquid,75.84,83.65,499.63,507.44,"From this point on, everything might as well be liquid. liquid, they behave like liquid, so they become round."
rec3,atmo,84.25,92.81,528.33,536.90,"As the mass of the object increases, its gravity also allows it to start having an atmosphere."
rec3,atmo,93.09,99.32,537.20,543.43,"Mercury and the moon don't have any atmosphere. Mars has one, but it's very thin."
rec3,atmo,99.60,105.59,543.92,549.91,"Venus and Earth, well, they have a nice atmosphere. I would say Earth is better."
rec3,gas,106.19,123.78,554.29,572.30,"but if we go it any further, we start seeing super earths and gas giants gas giants are so massive that most of their mass is just gas they don't have a surface anymore it's just gas"
rec3,gas,124.06,130.43,591.53,598.17,Their gravity is so strong that hydrogen just cannot escape
rec3,earth,131.03,142.21,648.41,659.59,So Earth is really in this thin line where we just have enough mass to have some atmosphere but not enough that that atmosphere becomes a giant gas planet.
rec3,end,143.11,147.23,661.91,666.04,"And when you go up and up, something else start happening."
